num_processes,avg_burst_time,priority_variance,io_intensity,best_algorithm
43,6.986774986265801,2.6352073195582584,0.057844449447160606,1
33,5.707588822922074,2.130416919451857,0.9577898009882039,1
19,4.229474357111522,0.6535518837009974,0.9427243190941123,1
47,8.894804867317974,4.433021076202333,0.7851895431484084,1
12,4.532005966803719,2.2489232441066127,0.9913279015642206,1
25,8.349394955244193,0.9731125591038253,0.5444823328002629,1
43,4.952214177131966,1.838796754386448,0.9627683502532061,1
23,4.392499864824169,2.0706487626446353,0.07560504061675077,1
27,5.164118071026458,4.137689477834371,0.3656807482613713,1
15,3.7124008674772786,3.6680719028070103,0.22538126800676583,1
15,7.72848442158626,3.846524468206699,0.19583308413427003,1
28,5.5244835108323125,0.05515632214323607,0.14080294889267608,1
40,3.0899142563213555,2.0807699908988075,0.6224136415659967,1
44,9.096171159471115,2.4067207581766183,0.7813218557473051,1
28,4.455020992358903,0.09596138411528343,0.5782983994203607,1
7,5.891975750025898,1.299066043725171,0.14696270958820967,0
26,9.158248998680923,3.801449115610675,0.8111237699334709,1
6,6.618141963225929,0.6855485286449953,0.6359547071637285,0
28,2.0520823663752767,2.6765506572629585,0.3881657061269955,1
48,9.458489112521276,1.0760093600861875,0.674130295536063,1
34,6.6493724776427605,0.060603873219466364,0.25990497924283285,1
42,4.014150531913775,1.2060072879977075,0.3451922084942105,1
6,2.2534486539704854,4.879368774550269,0.9174858431319902,0
25,8.146226703432664,4.007685559414948,0.2905045056714204,1
37,6.580654803356621,4.797883221605167,0.4699882681579366,1
16,5.801149827786894,2.4392702196318123,0.8901411373960146,1
26,9.045033247458619,0.5486809933875175,0.7077213502675275,1
48,8.097374901020777,2.739797444868465,0.06220322616470275,1
29,2.365073917594761,2.2718866727998046,0.14730304427897034,1
31,3.805498610159934,4.22178541369808,0.007841590771916818,1
46,3.236402258330192,0.49041290392122294,0.6309217902291634,1
32,7.695516633154092,2.441205685108891,0.4476734254104183,1
20,1.3017919126220145,0.7502433234699213,0.13427485090227553,1
19,6.129007163841849,1.6233796344502998,0.9579341210567704,1
48,7.862128171666215,3.686785386938998,0.5296597239456199,1
7,8.890890730855745,2.3800906468438328,0.24189329411288918,0
41,4.078735738443167,1.8794414257288468,0.5006035711547075,1
11,8.391315742048116,1.9723813928501766,0.6796203327351078,1
25,1.995685632596865,2.297233842029933,0.07623921797356448,1
13,8.618070625610663,3.9250827191852844,0.274703815047892,1
43,2.147397960987842,4.460423444701172,0.8069654908839936,1
22,4.575585615043305,4.776673432519641,0.45966487040266124,1
8,8.175658292015981,3.9345169312764754,0.5465771420322949,0
29,2.349256846138964,1.5770344787400636,0.43281600220946925,1
18,3.0632625570937733,3.4406735304327105,0.04389994264300512,1
13,7.500273115537596,2.1880156202769596,0.16574977982015593,1
30,7.480328828914669,1.2733531102302558,0.4455416387418909,1
6,6.770328695967676,4.204357897129613,0.20918546540792782,0
24,7.2455360002039,0.19213174481162498,0.04997902865967874,1
32,5.884519990128366,4.508809960677118,0.8436496640518237,1
11,3.266191530162575,2.307387323123671,0.9811925291641158,1
48,4.111263941535275,3.1860073840414023,0.7931428739967394,1
12,2.634379451212831,3.2967696110289135,0.853784921704667,1
39,9.176055052002654,4.475588703532682,0.24197713031704537,1
18,6.250526152895084,3.183348410836037,0.9606269755131998,1
21,4.607662750872759,3.069667923800309,0.19692570445342839,1
40,5.1580522327971945,0.3332602028034498,0.9514298103618323,1
44,9.525550056506338,2.59204010972602,0.994819293965951,1
8,2.380162628044722,0.7508450040852083,0.7117228057460487,1
6,6.276068488151175,3.687168843607428,0.9811437317918219,0
10,5.5529981099601935,2.5611096040633723,0.5695397795671037,1
46,6.503088118911831,3.4011388960417666,0.25954178317609033,1
8,1.1629916543875645,0.20836450301192133,0.43699588566562086,1
33,8.849115180497364,0.4239600802290161,0.593560935378786,1
22,9.38906454235251,3.5816169403134115,0.07308156202701499,1
30,6.086198652302881,0.36042167999336683,0.6223432646172461,1
48,7.26985741489203,0.356283638826293,0.9811778367622945,1
38,9.302494430595662,0.06054237617443725,0.19010764978372763,1
14,7.3651477088205874,4.7825069914974,0.7925951162883833,1
40,2.3728513862283522,3.687541797295035,0.9078987937796194,1
18,6.186595241501319,1.7662570425103208,0.9437015928202208,1
35,6.460435417445703,1.4826779064382762,0.9601356044054472,1
19,4.817176041721474,1.7485161487292478,0.5214596387214719,1
12,7.627998120622506,3.8732676559059094,0.9773079079915037,1
18,9.409303132921133,3.306853055352072,0.7573102071344389,1
27,9.330116616160987,0.9259778393373397,0.1616714362369619,1
44,5.057554342637189,0.8705466766704217,0.47690010646797,1
25,2.019142412566797,0.4919782485669866,0.718331175372004,1
20,9.863570790661012,3.301513598506691,0.24734031581908333,1
49,8.550082778013408,3.8218633111086797,0.6406151835488874,1
22,2.1219641308294017,1.3252321416250201,0.6666004790466192,1
28,9.28757694355635,0.10472480515456406,0.1626997438085659,1
30,8.829067258559155,0.41085833738213673,0.5650853124527563,1
29,5.669542514134649,4.839300174225152,0.7716269109786077,1
49,6.321478921704363,1.4772238873871013,0.4988956645359419,1
45,4.591024334831173,3.846115739190668,0.012103116776107425,1
33,1.492854749398282,3.1233178442713188,0.009038469079292177,1
19,4.016775174813109,1.9096981982644796,0.3570293439700122,1
49,8.225681037382103,1.0284363109777757,0.926194068431782,1
5,1.0416882070414257,0.6069320907970321,0.22867677960360877,1
29,4.001492545220298,3.075064840194333,0.6343636888716871,1
11,4.58351824231849,3.87316890318894,0.22207587069332058,1
13,5.836560426441306,3.2195212677056535,0.3216699896595486,1
28,9.278700547714845,2.6515106662457915,0.848042089601484,1
5,4.1171139492936515,0.20975611715818132,0.7288614422699469,1
48,4.122578817066049,4.842443887971919,0.09539927731321063,1
12,7.637511232987736,3.9935709582728727,0.4287020209864336,1
28,5.069961468008264,1.4641101835048236,0.029169763645264468,1
15,3.021443406459838,4.899851646794254,0.480890146603009,1
21,5.07195564519424,3.0094079481816105,0.6624340117010681,1
12,2.2677131834181985,2.912113291036232,0.11850262359815156,1
39,2.58748287855601,3.7403658971476608,0.28888493890916567,1
39,5.4853099546553175,4.058848940450687,0.3978366255021569,1
37,4.770329045540931,3.2823930366575134,0.9195310246560497,1
9,9.2336131096129,0.6404787318310001,0.993255015422964,0
46,4.261545092049698,1.691337529972492,0.044911298995615856,1
43,6.225295152502391,4.640418201630249,0.761007923495392,1
45,6.690378591275773,1.1230780592192597,0.37172406640234323,1
32,1.1178501092950026,1.8608351191875667,0.39245818622948003,1
11,6.971836348150395,2.16038441472098,0.7542649733470227,1
13,2.6023237018277627,2.197024948472261,0.9184264321454086,1
12,9.649632857225097,3.0646979124726275,0.9509285945025484,0
16,2.3379645497780164,4.715379188723538,0.5771225860383208,1
38,4.731617113543214,1.203463559162525,0.3571211593005028,1
37,1.7681470127077947,0.6075068815045903,0.7875490858587793,1
27,9.971868266613527,0.9873524492996866,0.25100138326230026,1
28,5.519755092981184,4.434624501046348,0.5640740288335178,1
41,6.358465155880394,3.2290540632760303,0.35857846152487316,1
39,1.6036882964958474,1.4295339461958005,0.6566310737078761,1
48,7.7496442335926,4.079734694843086,0.2403989128935069,1
44,2.889150337860272,4.30684998181718,0.19159294573482577,1
26,9.082488604966423,4.232571693451391,0.9182390866754371,1
31,2.8462567643380643,4.5946326681977725,0.1018036829495369,1
39,2.716189485972999,1.261205100866808,0.5059579077349317,1
5,1.328947010632854,3.7752096437313916,0.22085278296300892,0
39,5.248602505989993,2.3026974863707,0.03892996332566745,1
41,6.083570199363548,4.209992764450307,0.03601881829142639,1
18,1.5913777548551713,3.642453385808066,0.17522177210582734,1
7,7.9797485502550956,3.882237232498623,0.8667703545060003,0
5,5.079599512732249,3.2808091884053576,0.28247874397702666,0
9,5.7195124239482205,0.8871438473485344,0.9504591705752957,1
30,4.966864722444053,2.7251345944846914,0.5816222929891935,1
18,4.606867547877934,4.923348697622541,0.4366141897687661,1
43,6.036762981773961,4.6869403324855945,0.5800888346694546,1
31,2.3971622133764123,0.21586867898505835,0.5166983852262678,1
13,2.63735317445744,0.8240740786471856,0.7587762537573252,1
19,8.756070589121656,0.6586438672728095,0.28249606597285226,1
19,9.515039159202695,3.6298995499264777,0.3530503916003024,1
30,4.359783846517777,4.088926649284725,0.8940943025332507,1
46,3.436702058291984,1.0675568315533597,0.9464565131504055,1
17,6.795995889151142,2.529263464759145,0.8925582274864745,1
36,4.678607539882868,4.203515140056,0.4194479939573136,1
43,1.2284772009431038,3.664007723831253,0.7803655030068817,1
36,2.4053733762957132,2.7111860274592416,0.4763357333010988,1
8,7.443750059626578,2.9517384522938643,0.4975398521461022,0
34,6.930315477191362,2.5418027345814,0.20468010905728395,1
41,1.2438639325313514,1.4877422565941028,0.5911303032585165,1
27,2.997749457396545,2.8251099642950805,0.18613589775334793,1
43,3.0796731692926427,3.4444265102504534,0.33156469906719377,1
49,7.047034692388555,4.366614579304039,0.8550302016199351,1
19,1.1773948397892773,3.1814567698962404,0.20707580921085522,1
47,1.9369772378611647,3.80560768521579,0.07115828517343281,1
33,8.199244768358703,0.800358174772865,0.0690075926128163,1
40,2.6069019584890025,2.3077873720989492,0.9407845205031079,1
17,6.874714970666872,0.04665809913546648,0.5069204379618346,1
36,3.1436450294205387,1.233394322608115,0.40941207181701833,1
11,1.8949725348341064,3.632308575565024,0.8108785810079184,1
26,3.1885497189950867,4.9590497567468175,0.835825927910516,1
32,7.500402386700932,0.49589049793607953,0.3321910331156046,1
6,8.701268212956572,2.0074715793064413,0.6936180574737952,0
46,8.471978781102925,4.000354843495797,0.7711228158518866,1
49,4.5746517665660935,1.0201781731444943,0.6546506868659545,1
10,7.012766229135815,2.7754247465114315,0.15159507480009937,1
32,2.844858658742389,3.665356480148374,0.875883083517057,1
32,3.6383295723491194,3.0799272513008953,0.5390945527360087,1
48,9.067022366690077,0.9401236730770807,0.2824724263700037,1
48,1.1170173115966242,1.776922843428697,0.4252281854376939,1
24,1.7695767776902127,3.9189589224269863,0.03757109039890738,1
34,2.870976296314246,2.7711325706600833,0.12786680122241756,1
15,1.2387898348643773,0.026148067714563683,0.7655467505158609,1
32,2.632918915808176,3.8049538001404692,1.1634755366141114e-05,1
29,6.247374048727229,0.17655677470119535,0.4165658284822922,1
43,4.792820955332481,3.728668913656161,0.5225101810855884,1
37,9.034045399692774,1.012402800826187,0.054634420000972295,1
5,8.356992055645968,4.790367400596901,0.9730781629723328,0
31,4.076356165280884,1.8397037565104224,0.22612533124967193,1
17,3.3348109008816325,1.6346580816903955,0.30419871963628087,1
45,4.417231673505402,0.7444402516622234,0.30394251225502733,1
7,6.31265448263327,1.5280210774510743,0.2304166621173499,0
43,3.4125727674058863,4.383253809141003,0.001473822086311416,1
10,6.617340170642207,4.981671688136236,0.7293447940879964,0
12,4.684704869721164,1.8415476525342416,0.9668454997992854,1
31,5.968424627667822,2.2430531547727126,0.22429348328504506,1
13,4.92513876221785,3.6103546910136854,0.6630471918034224,1
41,3.650191835877259,4.430978902325372,0.7418963269587151,1
37,9.53607976265941,2.9652216709339205,0.8484253790905247,1
46,7.872452147437848,1.9576284908891468,0.4226291970136091,1
48,2.261018581898073,2.0631092042431187,0.30293090564042924,1
28,8.816211783081215,3.478090732484034,0.3252951340230311,1
19,5.386880784245623,0.016091318021393408,0.7126213330985128,1
36,9.050970042046822,3.0979466872992036,0.816779466505636,1
36,8.198697303525837,1.777465052206787,0.18161396775660266,1
28,4.8269215402231005,3.9709866563854215,0.3709410081577652,1
45,1.2022237748810567,0.4649531991156608,0.90194019674915,1
16,3.4180962344645147,2.9410113347419524,0.8066935196947392,1
43,5.874707931947802,2.404864449430619,0.9848584027624758,1
6,6.701303978435325,3.211627629526137,0.7542482596820808,0
7,3.3209891688988207,0.32426797241484173,0.39319520102792227,1
41,2.254204666655417,2.899918937140656,0.5906378339946378,1
21,8.514372131193692,2.8074229397976187,0.6610142542473203,1
6,9.85961962633197,2.8033004720808545,0.07845581631712395,0
6,5.731211640724172,3.017438332982274,0.5444969591038651,0
32,2.5451135726347314,3.382339686131811,0.7093208284726096,1
27,3.4507659386743206,4.024944998403849,0.16732130400106038,1
41,1.1655160889272005,1.3491036006410717,0.7806317174255571,1
36,9.228689259044492,4.1252470509003105,0.5837727805141116,1
37,2.05975974601127,2.491278411317268,0.9522217856975946,1
5,6.188648279628282,0.3852913956716558,0.042422298206891695,2
23,3.466496986184854,0.292754646219896,0.26532613755546697,1
6,5.9876020226421405,1.6711915934803039,0.6015538792998241,0
48,6.862783495166778,3.9244848855573378,0.2965599122059307,1
30,8.467676233364815,3.5384046737045787,0.7144241640712422,1
36,2.8577914458454288,3.943074823362032,0.759005282521931,1
10,1.0989624579263242,2.586345282208047,0.10251596406647445,1
36,2.2319706706192655,2.2009949897774526,0.5138544642067677,1
8,9.100167776632945,0.7372626335314197,0.5088905555910559,0
15,8.865010698062637,1.6409637680465576,0.36928077021554107,1
21,6.376717919532775,2.1700968308693764,0.9329248625696721,1
42,6.40465174390288,0.44300214839808616,0.8275063198732212,1
28,6.9853300709163,1.1030597635560562,0.6972093819096368,1
9,2.5783415076110465,2.991126470318694,0.7143266357349976,1
38,9.229707513324637,3.678315571195949,0.4617161438131191,1
10,4.768934724028658,4.991737556964749,0.9209945210965759,1
26,4.448246754245477,4.665566656717789,0.6945954272532854,1
15,5.670259347545538,3.2128259976759574,0.7289810616558164,1
20,1.4226937009754954,2.10624026647036,0.8616909037873453,1
37,2.4965503188047147,3.1808868235411634,0.274071589342191,1
13,7.642302547837334,3.92825809040116,0.807070903866703,1
10,1.7451880113261382,0.5916809546169366,0.19524060295649204,1
20,6.428368985197494,2.049524448481441,0.34534195224488784,1
33,3.2081419871318886,4.199011428178086,0.3356104542698427,1
7,4.503660526377789,1.91916475966522,0.9785254683891406,1
24,3.598243630936299,2.8593613561359326,0.8565372237479268,1
40,4.201054448184542,2.938846804310991,0.7011698615902597,1
23,7.471413146658209,0.9223812656681968,0.7270567616153901,1
30,3.6740954406085753,1.811177208261442,0.5620727944025711,1
7,6.097641762672074,1.6725564437096607,0.9470906671085191,0
23,5.284453619791897,0.13098354266032397,0.49625875288236154,1
24,6.973040488263833,0.12095881945677622,0.3805177098698945,1
36,9.431467653922821,4.158485218378868,0.163035336931591,1
11,7.593148874892252,1.3653540498640622,0.786205652261058,1
45,2.934463407316811,2.5903938311940773,0.7344439320755914,1
37,1.2806482155515622,1.4936278679438653,0.3843550385241349,1
44,3.360376398698426,4.703396225576703,0.02519341395922936,1
43,6.355701376302293,1.2964837943288687,0.8389973277180107,1
22,1.462832321358253,2.1482840636946756,0.011417983454073632,1
44,5.467296224811127,4.3636512524230096,0.703699779629051,1
5,6.371585640252003,4.209667833959044,0.970257109726057,0
15,4.008195017352648,0.9305070892313866,0.43766132814820347,1
32,7.938209833712397,4.013216548978552,0.23497340499595276,1
29,1.9593842782039461,2.290934433689463,0.7048710100433817,1
27,1.6762400356222789,2.414844360426776,0.8171281420155851,1
35,7.55369880583243,0.6673998620797189,0.5464303160778473,1
34,5.459421845855786,0.40300756878562327,0.9670352752561462,1
46,7.195621567849624,3.639696534868826,0.0516687216579611,1
39,4.913446047433716,2.482305761776499,0.5047955983045281,1
11,3.2176182991519613,2.1842535130758978,0.7184539473225501,1
20,8.371920859067798,3.6475411432619835,0.862640471149179,1
30,8.194742910720812,3.8275644949555487,0.17925561190779005,1
6,7.252268237689841,0.7945408383467678,0.8000034817636814,0
5,3.449306235069664,3.0511257473882063,0.5527070757185453,0
16,6.312076001821784,0.6767704113884276,0.3965536819899632,1
9,4.248765072460241,3.7568754301452283,0.13171502857909356,1
41,1.8242386599397074,3.2847757813356977,0.8652957589089124,1
36,9.255822179160186,4.78307310541729,0.15727320817971535,1
13,2.2313676782706526,0.3447900817821059,0.30978785920909924,1
45,9.552136184387223,0.2852736057562716,0.2900455319624369,1
39,5.014051956621602,1.4109353734660006,0.8714140341908543,1
23,2.666196359547577,1.3085284186795298,0.672702994208898,1
20,5.877108526405223,1.234893995359999,0.7966813971913723,1
7,8.856512522887675,4.531272902605183,0.250467898792499,0
24,7.590023977686051,1.2477309992475305,0.6248740996069989,1
28,8.259050330753048,1.359748630643155,0.5717459831437487,1
37,6.929050300396456,3.7969913120898187,0.8328303767882711,1
28,7.230489080660672,2.2486992122527,0.9060870604812605,1
15,8.642760864087872,3.883552784775906,0.012156771477386807,1
12,3.2470120797326736,0.3268307878219262,0.6740199190587927,1
40,5.404824672788264,2.4378559683669216,0.05183579911972902,1
42,2.99088497637642,0.16806800091641316,0.5488586650773559,1
44,9.889012071969823,0.3132660172767726,0.2876327290436782,1
24,9.49653405717952,4.532187266722055,0.3067765995221412,1
39,1.354841302316553,0.6962268555879758,0.3529585034523566,1
29,7.350176552641196,2.6621034113760853,0.6212924490496101,1
39,9.327234856740992,2.055478013003533,0.3340499656687692,1
29,2.6251781061460018,1.7367166312942133,0.7326990505902804,1
33,6.111507074973665,4.499166728436363,0.4045273855738697,1
22,9.239394678292376,0.1091169838774475,0.06835320030995862,1
22,1.3055138072721895,3.3189484308779456,0.7837598424841072,1
6,7.276782405221559,4.816972171067752,0.285758324592706,0
39,3.676141066352957,2.80084091730921,0.43276687959926263,1
20,9.319565758388773,4.684112310165459,0.6854438832219015,1
45,9.73952420648831,0.26128939643011884,0.332456157148712,1
40,9.498398402020905,2.093966595370807,0.056585656146715624,1
37,5.267927949917174,1.3007889548102558,0.3739210470128136,1
8,8.758383858903821,3.6541048249036487,0.9444485826943034,0
37,8.600944586815633,4.906485452486233,0.6417343972985582,1
18,3.871904259189301,1.282650312221239,0.6714791486672069,1
25,8.460239267356096,3.2708730073703722,0.6322821536376398,1
24,1.3330687124394336,0.9904881637987006,0.1989921389594368,1
12,6.366428906338477,2.8266512728580495,0.41833386410228013,1
11,3.0700795355893273,2.319662433441681,0.7509397983633183,1
7,2.0851019719955093,4.860026648157685,0.10137289755315915,1
21,1.6925788146628824,3.042636363482333,0.27785277608971226,1
37,7.266598982903258,1.747531860434094,0.2763191084658536,1
16,4.058874673912595,0.5704789244396669,0.432018927594506,1
26,7.522900943758853,0.7562341436746728,0.9803687409421851,1
26,1.5882070671904813,1.1265846497561753,0.06750254668382194,1
34,3.837613040475493,1.25483330670149,0.518700994380595,1
42,5.855421631378035,4.253080289205689,0.17936468201221045,1
42,8.116508483550671,2.8061139414126246,0.9706765454097441,1
49,3.8687725263886295,2.616954556871832,0.1133035047274642,1
12,6.633022387933082,0.5738443593460874,0.40360100236159124,1
31,8.973799734125684,4.300698466747175,0.7378849848346062,1
31,6.542768693640741,3.6140715160424186,0.7045544280274453,1
38,3.096635272782704,0.3383418095000079,0.42272863689393225,1
25,1.2196070340088423,3.539175486148843,0.34652416795271823,1
34,8.830889865108368,2.7176910867132302,0.39761237855287057,1
37,1.1914246976534844,0.4086267287338913,0.2642762631586393,1
32,8.872315054157795,2.291503207643282,0.2053329387067998,1
37,5.760434206244907,2.4234814356502348,0.48303969755889,1
9,9.451609286616065,0.8288727008163788,0.2685337560676073,0
23,8.189049121962988,4.728490735001412,0.2874616648972501,1
8,9.981406994800038,4.24987685740331,0.6567560634745571,0
39,4.156406339065391,3.3451116866455415,0.9685373316998922,1
21,7.904694600380142,2.311477805003036,0.6036372005593751,1
48,4.617378222483179,2.0588277079225428,0.07697946706496628,1
32,5.318880582735179,3.2548673357547706,0.07558361385406698,1
34,6.64754916896533,2.7271593470345272,0.951423220845566,1
33,8.863094027677048,0.3113655294094281,0.29729079030733363,1
10,9.856751222793656,2.5625132438516585,0.09206698608247543,0
39,7.914460724780664,4.032018086164197,0.5990445871503816,1
45,4.759901039506004,2.29619938798479,0.6236487782902661,1
41,4.792213020493632,0.25978288777134206,0.6485048201186882,1
28,7.638240714300023,3.9313909969201655,0.2674020278575413,1
33,3.148994311914721,1.006818910679872,0.015110684214475034,1
35,1.994267018182552,1.2931041744401939,0.9650153694544719,1
39,4.191599418766989,0.8235317671614795,0.2508930456911025,1
37,3.5851509248867357,1.6510753243574876,0.6760262880525475,1
25,3.6667730841039106,3.783757528443175,0.7066298698787096,1
36,3.1024697594491895,2.5969292975196865,0.6100074170794857,1
27,1.378838706727257,1.024406370753563,0.3129073942136482,1
37,1.1608654126007243,4.3891503907602045,0.27109625376406576,1
7,9.889501507624283,4.397909274757646,0.5976682827027031,0
22,4.849958203622761,4.352892125230035,0.8660956336116915,1
29,4.4589398244371345,1.1939810569076963,0.9467337289233956,1
46,7.116825544237629,2.2561967209049403,0.10590580440375763,1
35,2.9642849907855773,4.924948280704376,0.15482861259771985,1
7,9.549650655552028,3.8600623815499517,0.9447362587830797,0
44,8.07710512973997,0.1358371061277991,0.7365352283347926,1
28,1.8046990208103355,0.32602295630246025,0.8829938248297731,1
36,4.758226982064356,2.319656884061664,0.20263263413534316,1
26,8.912064768059482,4.546101029307801,0.5875858711094019,1
27,9.502588200622693,2.693508989763571,0.7011395944174736,1
6,5.2066136012488275,2.4890625401714512,0.6801118854469727,0
31,6.520702502896369,0.5273684997831529,0.4081516908666981,1
46,2.503305514828677,3.2839005236214702,0.015394891691308477,1
6,9.92051763523279,4.110515803001127,0.5829260568042631,0
30,3.0850453124509905,1.9021000375378116,0.25310153917960876,1
21,9.48458596721613,3.8780592546266375,0.45025424614289034,1
44,6.846819840931316,4.8223832695040585,0.9575810150838173,1
37,6.469631153909732,1.0188322956384455,0.3990353176424347,1
13,5.614196599148578,2.6166481559737065,0.8398016066644267,1
47,3.076028305459828,1.4356897904228778,0.18854060574925113,1
43,2.5887522880495744,3.9642720951691968,0.6724604980250288,1
33,2.9843758816315784,2.8879668294057876,0.9770069544389435,1
46,2.6779443592982908,3.1729120877515187,0.10189310087293679,1
30,8.01626026210078,3.9895707980794706,0.008319942227192012,1
39,4.151127332500571,1.9798523633122744,0.43358279263261434,1
29,1.5205840890705673,4.575450342035216,0.0926254830513672,1
28,9.721923671267302,2.6651443362307,0.7483843496762314,1
17,8.954072964670832,0.78977411417674,0.9145486638485589,1
11,9.349770548756917,3.4794955908440124,0.43402097270875883,0
40,9.954170403817917,3.9663067521912723,0.25871164215544096,1
49,2.5650572429753855,1.5838083853376332,0.4344033190066098,1
24,4.566178170123929,4.285896284993765,0.723447817850001,1
5,7.824146281336822,4.530716273828832,0.009054161580370979,0
12,7.26418556248413,1.3845224368890445,0.5894539894846972,1
20,2.3850631570586955,4.91760736357611,0.6132916848873791,1
18,8.34249812491556,0.7035576402437921,0.6376882468959355,1
16,3.019965146529946,1.01007834201245,0.2420220799808772,1
27,3.0143585334036076,0.9211241961901306,0.7140527233781268,1
19,5.832769806040722,4.469948550039352,0.0913914863317764,1
32,6.336459413575328,3.271462761624809,0.1992703364668008,1
38,6.220775870540301,0.7605214161113644,0.8774700466544819,1
6,1.8233815365797938,2.201617091841745,0.7387231507265664,1
36,8.897147763673424,3.07649012534901,0.013745554011345251,1
27,3.3904003832983545,0.41732042494691646,0.2483762603698002,1
26,2.1656342915452376,4.412081842036693,0.21440648299316456,1
29,8.998732718820794,4.018017677207676,0.2708063280369726,1
26,9.60086348406778,2.526033867883191,0.2475597702798864,1
26,8.759148555389055,4.835633076295852,0.06252629574284574,1
46,8.285644672523903,2.0888048963754984,0.45894051659682034,1
10,6.8971778257511955,4.920551595182489,0.7327334747861651,0
19,5.957716335482254,3.339599994018135,0.6067317247174364,1
47,1.7828808392026914,3.173356366269707,0.6728716685980798,1
41,4.676078917636288,0.829774476478925,0.08114917853623915,1
37,4.354196653110826,4.40963879152322,0.9514907101767872,1
12,3.337784053842936,2.1374484396030757,0.8384918338430248,1
48,7.510781023197264,0.8111670289123968,0.8050903184956627,1
48,5.4628816157089375,0.0630375998787952,0.8229838050417675,1
9,1.7294159431688314,2.7987784181919126,0.9327105081327614,1
43,2.981648817548302,2.6369981106133817,0.5442539661136977,1
8,7.149328872936364,3.596768111845793,0.2002820178676259,0
10,1.6851777354127018,4.4512902650890105,0.6167836078525412,1
49,8.660862226438919,0.3970329232151476,0.742881493667939,1
36,5.4563187431257685,3.657482451701812,0.7379173933540254,1
34,5.325279195939832,0.9370597204879111,0.5214490241668801,1
39,6.331670061935658,4.290885265785819,0.06845871933357806,1
44,8.422128693326343,4.09531756930828,0.3711129384301278,1
20,4.1302828711197375,2.7039687749277217,0.9207666084633573,1
17,7.102145373031572,3.5512139931165576,0.584448909757426,1
46,6.09158767596212,1.5717505659187418,0.5383319432557134,1
34,3.403254431524792,2.3558394946640733,0.2688535143821935,1
23,8.907669877196422,4.108184488552358,0.3684489199165789,1
21,8.176834194462353,2.2963259858660696,0.8953460891531693,1
23,6.926066511925829,1.788991326627209,0.6664630475268357,1
32,8.655235561848176,2.4710622362514996,0.7873870267523329,1
30,8.805647808638222,4.141246262186092,0.45434542306765513,1
41,7.3752667904353135,1.6760402368543637,0.6302472194561579,1
30,8.533119955273047,0.868807965678719,0.24838360874320753,1
27,7.277243155023553,3.5600701016539036,0.7054608302834863,1
13,7.121266945842704,4.129891063540409,0.4276013337033373,1
16,6.5675024039366585,0.5031873926176667,0.4425455148147456,1
5,7.774449756018771,1.1993705637797236,0.6493223245768817,2
5,2.427445947637663,0.7098599488049695,0.9362806214689267,1
38,8.927836832790355,1.7397070579108331,0.06400634660862092,1
36,8.846591749707088,2.251754894527063,0.8247432373470076,1
29,1.2632255473110323,3.7441316848165322,0.2923831104121931,1
44,8.432350755082865,3.2557379244083706,0.4439194545063778,1
49,2.1598288072610066,3.1046428373921557,0.021913328775008956,1
5,4.016069688332277,1.761874733048272,0.30104607783431303,0
20,7.69157430662447,4.2072377654238,0.5026312426301305,1
43,2.4468390644347737,2.3564358369908227,0.05617607734743901,1
9,8.36170321707156,4.8955246900757725,0.49109572938316515,0
26,8.489207601619677,3.1707106914786842,0.9271106288584273,1
33,5.567209603847526,0.6313237078225137,0.10539321810780522,1
7,1.0574728454515023,3.3808878103771702,0.7644407280755043,1
16,3.583343198574215,1.625520077158495,0.40967105337599263,1
30,6.55234226538168,3.4316359834304873,0.655173714524338,1
20,9.830675602246812,0.3482057408120287,0.26023659798522936,1
41,6.686321743150016,0.8744071858797969,0.1594922625413583,1
26,3.338232229577438,4.2786862945289315,0.16046261427122643,1
33,6.706051327896502,1.1358977851175744,0.07049194564314465,1
18,5.8598684174427,4.1852056262147,0.18564670490124302,1
32,8.018608556360292,1.396380442272052,0.6642193849889683,1
9,1.9628257494426258,3.214409550293538,0.881690611843508,1
34,7.849251122518252,3.4707528675491552,0.8141256855911618,1
9,5.871399208084992,2.5632737657252647,0.6851343098744841,1
16,9.666928034730951,1.5265533834836564,0.11043186341110267,1
20,4.076849494348175,1.0632218818554806,0.28918744629594983,1
30,6.693597038205533,0.1659467728121311,0.309806875322469,1
30,9.388252949590157,1.519732006203619,0.24995694639762123,1
25,1.9225875519161133,3.265813952656415,0.5150056597097231,1
43,9.43505638512806,4.691524092242413,0.5355538148796726,1
40,7.19097150070732,4.35602241131526,0.3568859751711102,1
37,1.610533531946547,3.830323882676513,0.353789158736436,1
34,3.708672102521346,3.9422367162664935,0.8285555979060814,1
41,7.373548797807534,3.3249245173799764,0.7892928483196856,1
27,1.6061554132189453,1.301434287830015,0.30779583168074565,1
14,6.23953414158646,4.535975153529149,0.9137884438732593,1
9,4.112947512576611,3.3536615595291703,0.952815017002506,1
40,6.588239659907294,2.8022031549022,0.32674254203004083,1
38,1.4116783043126158,0.5549473460674054,0.35442494879305486,1
35,8.843831255371386,2.235277719032127,0.5056341534219588,1
14,9.761400722596573,2.3017913560096313,0.9411208125336735,1
23,9.719900697571223,4.3228180476133495,0.8763194331423115,1
36,7.746866485686322,2.733241100938942,0.1025679625835898,1
5,2.170776161175688,1.9020027448520482,0.3927307432714162,1
9,7.824368763361203,4.884001642553296,0.5533711897497718,0
49,1.2212822481292136,0.5536029666315784,0.50313247255154,1
8,1.1991119637609753,2.112742141559723,0.19386306793689267,1
20,3.912491972345871,0.21012337585702645,0.8588167711681547,1
28,5.397788713641992,3.6995206038346518,0.6769407829968374,1
20,7.933666760270139,4.5903827609957535,0.8379083748518036,1
6,7.149658389458547,1.4001866477524472,0.8587642793494722,0
32,5.013124357390735,4.291708383995604,0.7483558536657398,1
36,3.462639996534993,1.4610911523094887,0.43921060124971734,1
31,9.9741205014194,4.553850808219576,0.6105467550154245,1
24,4.835631720123756,3.7698095179839197,0.16036540611974315,1
28,5.062483218967079,4.024533884207193,0.6736454174749077,1
16,2.4726143907250226,0.0900327780022725,0.17925325573928075,1
39,8.153285938749365,4.81405178537013,0.6939495905101568,1
37,7.243140032033398,3.633354960351616,0.22959816075396866,1
37,2.9869265150988435,1.5237554769306665,0.11755130015021997,1
47,1.7414294105425843,4.146973324294235,0.16528449014295743,1
41,7.124493718672418,1.4076059920746498,0.001992135219070268,1
16,6.890600928530217,4.363769197830639,0.7187396178535302,1
7,3.459335742983884,0.5629019520596851,0.7324010490583791,1
5,9.557772060253694,3.518429887303979,0.5149333499132595,0
37,2.3595210260281023,2.7034923832245514,0.1613628010553837,1
44,4.891013209383417,0.48267235097720407,0.08355433751068975,1
14,9.49254328150839,1.209469141294195,0.01912896643728701,1
47,4.7775458523351,0.06202018138657395,0.1657481769652207,1
48,6.74673352897677,2.343839827322529,0.8908555349831467,1
33,4.578349581665148,1.5063263038000019,0.24153684170168177,1
17,3.4679368211380304,2.991787421488794,0.35427132721721566,1
16,9.855798831638454,1.486189038543086,0.10534548448133318,1
35,4.684006056835387,1.4995955575349234,0.22236130474817029,1
6,9.04689283311221,3.715965993658017,0.5192245707802051,0
39,3.0695914530197754,0.24071417989176724,0.6077526830956526,1
27,2.9179423362257495,4.514474975959936,0.24535231416621106,1
21,1.2802067459606024,4.261319371955907,0.05773215922511721,1
30,6.865001428382966,3.3390234161320325,0.39103286912739865,1
12,4.316737093513851,2.9661078505369214,0.23420337092633414,1
33,8.779224248556734,4.4615124906982615,0.21955392322980194,1
30,5.258889160224014,0.9266508976435722,0.9598628027134553,1
14,9.713740851232496,0.39484581095414306,0.6163004859257241,1
30,2.6697296413280904,1.1975508495476905,0.5568784431720959,1
38,8.817608511600497,3.9728913935009516,0.4157751035233219,1
45,7.989371675125676,0.17335133363241662,0.42894433343014426,1
11,7.938296601796468,2.914034175417448,0.5409050038380808,1
8,8.60304905305199,4.977187580956549,0.6964298070361072,0
49,7.84921591848699,4.278480469187697,0.7021460961818294,1
15,6.635982894682739,2.607228445217947,0.17169390770544957,1
33,2.1812038991414884,0.3182045464332117,0.500112752076627,1
40,1.2927356154212672,4.156867571928549,0.41195809503410197,1
29,9.287630630341182,2.9948925408860525,0.8705269662693842,1
25,6.549852830686643,0.5746649852978342,0.6314189212183764,1
40,8.168835618785586,0.469286424116781,0.5325040664159818,1
14,5.33370116361295,4.548134097182962,0.11539464217891737,1
41,2.0557737006615504,3.346001314690392,0.6056378893234114,1
13,2.126672129822954,4.146433996583777,0.11720390568023342,1
28,7.170087585060743,4.394894501411336,0.33720657556575206,1
39,4.872753054095164,2.858861760241611,0.14284196481433187,1
39,2.8047225403030307,2.5872317587752063,0.6920736470243689,1
40,5.424350920672932,2.152137051604951,0.2062521138361526,1
22,1.577880433676207,1.5847329389555964,0.391859373188026,1
43,6.237742617229589,2.1729798042935586,0.8956747776187787,1
36,3.4209406399158793,3.869398278650782,0.2043163833989703,1
28,8.178031905734693,3.0096171550756576,0.5078050639587791,1
27,3.793257630312164,4.462616449774231,0.419271661166022,1
36,5.09698134173621,2.216900071895939,0.018124041045729733,1
41,1.1045848591729057,3.03544789359377,0.7927581135728128,1
16,1.65202199015103,3.1565377654599436,0.06904590631459973,1
17,4.532442007660164,2.9584858115316277,0.4742550209769536,1
27,5.319449512454112,3.5131688654275814,0.5606782949389499,1
29,6.400184933073733,1.1871673418740314,0.6284264566145871,1
39,3.624963208383729,2.561818887728953,0.6886316293078756,1
45,7.254836975138883,0.5211240140417384,0.2532723835227151,1
34,8.741101574702842,1.9225566382240626,0.009978776658449373,1
21,8.018658900040148,2.438335343106322,0.723443662354912,1
24,1.3565694281352143,3.2611212977273625,0.5356565993475786,1
29,5.32456252532046,4.752655262931017,0.8361177032072488,1
26,1.9443716057635738,3.0032553327417792,0.8213883629006943,1
17,3.178405142762747,3.717969580882799,0.8433261677878832,1
23,9.879963339404318,2.5313302974760137,0.48509465997954015,1
40,2.282459886113619,3.170520156881657,0.33362839583686565,1
16,5.489993381062204,0.35466108066886715,0.79155820259137,1
45,6.563401608863072,1.271957904209235,0.45129411302925493,1
23,7.322184734896935,1.8092654660256935,0.1834421964034345,1
16,6.036838151382227,2.362466775032568,0.8549740195614743,1
13,1.087937626772653,0.22824372751191868,0.8825598767723473,1
11,3.938151774195927,0.7001204877665884,0.4663097561401701,1
32,5.6594047904624025,1.3840715389565288,0.07569972730978747,1
18,1.7907984923035003,4.8576634545052535,0.38782608991693124,1
35,4.155642380882627,1.6567350355152537,0.8035376594626034,1
23,1.298827979122299,2.4102052905604125,0.9017740285462287,1
20,1.7072064743951867,0.9804885636919647,0.20347274249759584,1
9,4.5723094858143645,3.0539003553788415,0.06697361202527152,1
39,2.194441786387543,1.4034160775798714,0.8773504531328387,1
16,6.107867634354023,1.0349628921921339,0.3894049389788753,1
29,7.2051847222353915,2.582863142229895,0.5417609642675633,1
25,8.205280291981746,0.027528995802104106,0.9680658120507589,1
40,2.8013521982032907,0.03832016324612664,0.06656472791422285,1
27,2.507343240331628,1.0953440455092889,0.6483180074520956,1
20,1.9411105630096022,0.1836068125041057,0.07410542257486707,1
43,6.72787224589273,0.5401287706534569,0.3754689284665004,1
49,7.35828153838211,1.694303246693758,0.8038145451934468,1
46,1.2842753034307783,4.012928397899064,0.4334722327556344,1
43,9.42591021619321,2.860243216846504,0.9971823539029504,1
18,1.4677415528632518,2.563338629782082,0.5590592849466022,1
35,5.871667017709634,1.4674441160406082,0.3211621526359535,1
9,7.381544675058247,4.658768597164082,0.22011132590475313,0
39,8.83872211371477,1.9850752061859582,0.3505205342861618,1
27,7.4267823891918505,0.43546383397885746,0.3725332737595508,1
33,8.215552747628127,3.0853325805890064,0.06871367772396098,1
47,4.0550517328852544,0.569191967383007,0.36957419942677316,1
15,8.33342602371861,1.7261157140084604,0.4642385197392249,1
22,1.7210336174620764,2.537059693589044,0.7227377522388047,1
16,9.05334990454475,4.371112623425879,0.656729484721608,1
13,5.928331385383626,2.467732901700593,0.7087656552291542,1
14,8.355679929662443,3.5112938301583214,0.008363681876857099,1
48,5.070864560664702,4.964084194995352,0.21766739958053605,1
21,6.792199256768725,0.6574455994899081,0.6616842883998565,1
42,5.737623948425019,1.3736576275975976,0.48398936817974714,1
11,7.584305695797987,1.972880377988232,0.005313475668345946,1
17,1.7346698382753063,2.109140892694157,0.8044946424318223,1
44,1.5431687559150742,2.0551053763277287,0.7728095732903374,1
46,3.223929106091318,4.538055012782775,0.5484191629935626,1
13,2.435902121018695,3.570163222334282,0.06646332577627212,1
31,8.846052099329814,3.039526070453519,0.7665150495325846,1
6,2.9729258862223986,1.5468635893139104,0.583713587731364,1
9,9.782787302372181,4.118951921106474,0.7819599771579592,0
33,4.032062125939961,4.775302557424944,0.7517469923958404,1
41,2.6390612411982937,4.105991412751132,0.8030020719578371,1
42,8.107286564282312,0.00782552595736452,0.5180080664046248,1
23,6.928369979507885,3.182006850917035,0.140324518193515,1
12,5.483761448078251,0.2556769072105036,0.6711574733796887,1
49,5.998271958438681,1.2880361016686093,0.6204737850519706,1
5,7.472816004450374,0.29762350173885843,0.7422531871990872,2
26,3.0560926719816885,3.0189772647469386,0.1698810060507353,1
21,9.967005244510677,3.4329495674630337,0.19497519990028922,1
11,9.773138459321048,0.5724381903295256,0.8904095172193285,1
29,6.852931177122432,1.9191944152248974,0.7499777984520708,1
49,2.7958820583623063,2.2811825447777103,0.9082284887003229,1
8,7.122054181881622,1.845265108804583,0.7587153211639207,0
40,1.6497856808125826,0.6051250024259652,0.5971553059903019,1
10,1.2758725198522547,2.0947389509373773,0.6541327370278737,1
35,3.3191459966009234,3.7558902390420905,0.88912792394001,1
23,5.163606610653847,0.35503832266627733,0.5788067545119405,1
48,8.814452548675424,0.40090007040951725,0.6323913243283874,1
43,7.544521627896772,1.773856459179921,0.15647671600360058,1
31,7.684358690799829,4.708628558094626,0.4739212201161027,1
14,4.829440010032679,3.3428632336145703,0.716397111958099,1
30,4.113414932922666,3.393349783362824,0.2709426983163654,1
23,4.339348866861425,1.8095999541893248,0.20225418052453492,1
43,9.88884607362452,2.9683039560426923,0.31382680822441555,1
7,1.3609827227123423,0.05065592013871689,0.24150062799283345,1
49,8.803283465102037,3.180480232047711,0.21491263703639585,1
17,6.208078677151541,4.566434737881184,0.42485084286808694,1
32,4.947538772706315,3.062867341724096,0.9078385138835341,1
24,7.527318943736229,4.368492967331726,0.5070596467387183,1
32,5.380020472822325,3.619865277330469,0.18792038081532303,1
12,8.860809142734945,0.6027920820184512,0.07697166938087407,1
45,9.106316776101327,4.512266536429209,0.6961561451379252,1
43,4.795488341861098,0.3322192217788744,0.38279876443638783,1
5,3.4914501751154643,2.6698373627388188,0.8218309465853593,0
7,6.33115295734026,0.7106856189672883,0.6595107686407702,0
17,9.211270110550219,0.05853305365452033,0.7962414505413685,1
32,2.895959701050999,2.110171300638195,0.27194603941844875,1
29,6.606699252071345,1.4752035382707813,0.6923589224610581,1
37,6.684041980832685,2.430002468988015,0.2640619846937188,1
42,7.5980172017375285,2.885999433672754,0.9390684794502916,1
10,2.1841091661453382,0.2186953615447368,0.6363742815333744,1
48,7.442424682138797,0.6150164756187282,0.3245118001753421,1
49,9.181292685990769,2.7932119822521266,0.26951186229227264,1
36,2.6171479798321777,1.7158367658632911,0.1909265850716435,1
49,3.1378899243148988,3.64586743774724,0.6946409588937278,1
25,9.742555846374756,3.2614582429596983,0.2187156129979273,1
20,2.628792574385408,4.228021814949534,0.5953032659274891,1
25,8.689465840326212,3.4624641333461263,0.26463502692535734,1
15,5.430500708032313,2.149655386950741,0.6619689447938686,1
41,3.2250796696285935,3.364833111972162,0.8149397285405392,1
40,8.836749111452603,1.3769058712770925,0.7780252431446532,1
39,5.007747295023989,1.5315674938910635,0.7608513309307817,1
23,5.633356185367211,3.9449257996039666,0.18772240569225207,1
24,4.233100324597891,2.2320975820079108,0.08838494698451871,1
22,6.3365576629143465,3.9919017025917625,0.6989488284873856,1
45,2.4717148532652047,4.112111868341392,0.3683472137943513,1
18,4.519733829865846,4.287811688306419,0.4323462264033473,1
19,9.724710901017588,4.583176179206037,0.031149092793391064,1
35,3.3232008943101476,2.154926102566481,0.2595764492750492,1
5,6.910629980871629,1.594334091605694,0.03367640387446402,0
7,3.926710578022254,2.910993732970569,0.8791857726012476,1
20,7.961258131179406,1.855862117188138,0.24339668321853047,1
27,2.177862946465148,3.0053708340011647,0.557337169573008,1
15,9.728389405706903,3.527929313219123,0.03897932066113041,1
16,5.084105872452753,3.4420250924606846,0.6668473913056581,1
14,3.1244541701181756,1.8727644351006068,0.32302734575409386,1
36,1.6614707259701138,0.8343010084937641,0.8979191869576658,1
20,2.5278211457878665,2.1526466923110377,0.8881181889340358,1
12,5.677965537004159,0.7129707204095437,0.3252906183617478,1
42,4.033028587881576,4.450485175919042,0.9009608956904679,1
16,8.459950292943486,1.729387303689287,0.9961576734987788,1
28,4.877987712956253,0.7722987361166189,0.8254156641239481,1
32,3.238428453288669,0.1272387995287544,0.844871347755229,1
12,6.554304879436271,3.2291119314324215,0.2490087361090899,1
32,7.360994951969012,3.1845115872737164,0.5767023988577563,1
40,2.5033771711085486,1.7030208329064584,0.06725591396736785,1
30,2.508572946594859,0.35855944423825503,0.09491793682166971,1
12,1.3300428424018866,2.0481444744761603,0.9988926120332906,1
32,7.627618135590764,1.5560874753169678,0.32663924942591094,1
32,6.974240748596245,3.3856031986750468,0.7481839120488464,1
41,5.2716778817483245,3.028896247263452,0.8066650530268165,1
45,8.597534040722774,1.8229686409877,0.8580232710072292,1
40,8.251031376550479,1.0894627712749505,0.9976282974021565,1
31,6.26818927957077,4.940179830777959,0.24149648525686784,1
21,8.814441524619328,2.2700081059805743,0.04035082685969971,1
13,2.8525708903309144,3.441371178901185,0.411191517994586,1
37,2.007276574579551,0.7027648378918039,0.13008066982894695,1
24,3.4277465036529065,2.427948498296989,0.022425889162055124,1
17,1.5137817048038338,0.13768359934732743,0.3604268271414861,1
32,5.780525752009288,2.5272755895522496,0.7837382510752364,1
33,9.429451230654653,4.820087035588512,0.5661806912250709,1
17,1.3540918660165868,1.9210335649290011,0.31277798921035405,1
39,2.098989226090241,0.19498006287455794,0.6543420054927197,1
10,5.069791254550918,0.15477895459671764,0.23201818030881072,1
22,9.404875157751144,1.9399337997343475,0.014381446072085025,1
9,3.8454049447907543,0.8001246823159702,0.7643533864364274,1
29,5.565113278195532,0.11676048164092956,0.6237430848640091,1
6,1.3741557314535289,3.781068069750884,0.76230262450096,1
14,2.3350888086587998,2.2926150444094535,0.03893801668766561,1
34,9.879671106629623,1.4462238598632726,0.8371196278306522,1
49,9.68606826792441,4.500415915082404,0.6195262000363033,1
9,1.0444598284096864,0.580694801002628,0.5633953507126401,1
37,9.566306068809151,4.779594144776596,0.6246140481145316,1
5,6.752079440339504,1.569833586886764,0.8644332468683641,0
22,8.811264650680199,4.442018361543406,0.5869365065589071,1
36,5.092658700704732,3.0147143823973077,0.5809503798881793,1
15,5.640364257213252,4.133536798707437,0.9906791570657658,1
25,5.399619222312282,4.920065816052322,0.756730167068568,1
30,7.001778317914939,1.4420271890937286,0.4422938054511353,1
29,2.256861292806816,4.805677427037965,0.7073970000329277,1
26,1.2697623088541015,1.9474094745121018,0.3892304716917885,1
31,3.7713694743207182,1.9275595236846117,0.228875462483499,1
17,7.342126864629821,1.7019355212725285,0.5968518768877594,1
37,2.816681069106535,2.707038036737926,0.9281820981139515,1
38,7.060891899924256,0.7707252158924355,0.9291395200154627,1
45,9.729208414965434,2.768557426790056,0.3419052781054903,1
39,1.8451064421047656,2.70852406205002,0.527677466221695,1
5,7.053419064026136,3.80950906302435,0.2116358985698612,0
25,4.993751973741141,4.168249809687928,0.9956311094988834,1
10,8.813280289397548,2.2022067515621204,0.9811179078679357,0
32,2.594348105026473,1.5116662467574686,0.6495089297074473,1
21,7.23363357003548,1.2966744865854722,0.8044140596774734,1
9,8.543037606832993,0.9731191835243597,0.7151001612837,0
35,9.501527975266209,0.2882379109951244,0.5931582190394682,1
9,7.1492322546068126,1.7122398941735666,0.053347996988897695,1
42,5.474572876075846,1.3512384606539163,0.45476434255266107,1
7,6.560625161810925,4.8320869293320365,0.6747863021674105,0
27,8.820144860308464,2.7885441312502195,0.6775316138836847,1
41,6.1354877197494675,1.7363851951525378,0.3731226184223836,1
41,1.2734835372715319,2.90233800496848,0.9416919866580306,1
14,9.3785382595628,0.6959835067284775,0.167357032236781,1
14,7.20574075928405,2.2202187460110148,0.5003594462155606,1
23,7.088620471995219,3.131171607105319,0.6908839765508228,1
21,2.9410763715794546,2.444489158962257,0.6971358058918092,1
25,6.929969232093915,2.0088940032716214,0.6486389567688156,1
18,4.544779650887426,4.969241944498491,0.27528821345186016,1
13,6.861096793373429,4.401573810744635,0.15620656868662197,1
5,1.9593372727719165,3.1170297907972007,0.6359403268267109,0
49,6.920607741427324,2.8468868059114136,0.5993021161394377,1
17,9.994723531936,3.1033023991229203,0.17935601028924097,1
8,1.4339083497450043,1.0065605391121664,0.7051391455705633,1
5,9.794567657991855,1.975688716321593,0.4551719917336564,2
44,4.662171646505835,0.1972976644544966,0.6677605916031529,1
36,8.836781053035333,2.3777301874341332,0.8373670797701507,1
38,8.04146935652446,2.7151229197883158,0.16972842857692316,1
32,6.10314634888001,1.138748680516048,0.01914486799683668,1
35,7.646042883261939,4.820144235827569,0.7791025863957868,1
12,8.906640051712131,4.54727305468621,0.6096974251526159,0
43,4.637262894859297,3.6107161772795293,0.6996395696221217,1
30,3.943298454069148,2.666933143826813,0.8381549749886426,1
38,7.0083404700722625,4.349845798238425,0.8028109348245005,1
7,8.270613477471327,0.6532617191173146,0.9609201469288247,0
16,7.860566212989542,3.952548971374425,0.5359350788521182,1
5,8.18032283972771,0.6241040698342415,0.48849563265990537,2
48,4.920249833316397,3.971053312747027,0.4018871998907301,1
9,8.360507945575193,1.3788378412567848,0.15369104284420454,0
34,2.081881498335476,4.385452905090944,0.5726072328820224,1
34,5.900401881647646,4.7202104691269895,0.2770125243259788,1
21,1.0518279444830942,0.7439798470255782,0.9213075122129755,1
27,3.9212724691024325,2.3133780253269673,0.5831908042770976,1
19,4.298153813842581,4.904936890813426,0.5928401805081102,1
41,4.565554224483298,2.417037179865733,0.35492466087701,1
25,7.25920486020876,4.317737612572726,0.05198935197770749,1
18,4.4970229114331115,2.943657610656599,0.03174376537298862,1
6,5.038242603602776,1.8766495395980094,0.4233351441531975,0
15,3.1378971778689473,1.428917777629351,0.08456537809723785,1
43,4.35926612466406,1.0161154554304364,0.6068469555401391,1
42,3.045426645368363,3.8089909568884863,0.8809730056396574,1
38,1.6587633139159927,1.9327025341151394,0.8829148165187222,1
42,6.431037340432401,2.5563773110037555,0.6590454101322324,1
38,7.013915186995146,2.4616274000059097,0.211231831472931,1
22,6.575413114086531,2.8863951461656563,0.8629968313588721,1
34,5.171446394205152,4.327885728122761,0.8860934353132082,1
19,4.418072021613068,4.903696717917147,0.1966535849529587,1
31,8.770002846146427,2.0379210428690846,0.7374260857706773,1
38,5.671736066225963,4.137594610531515,0.28651954892712295,1
42,5.312636898667579,3.8226389732735884,0.8026403123529297,1
37,1.2307785922579213,2.8676447572778665,0.9972378999036027,1
28,4.071230448635407,4.780235718059665,0.030026005329392813,1
19,4.421760569072713,1.002372577642014,0.8973658657909319,1
34,4.589405028072104,0.5463210515481071,0.622630533598658,1
46,6.221551323045991,4.269809834777111,0.9733826191648212,1
21,5.802422920541906,2.1957490831687414,0.4650095175264276,1
9,6.471145835141002,4.2348442710353025,0.8473879305713737,0
33,7.883949353879155,4.4654510259770746,0.06239406859827723,1
8,8.316871648444842,0.3122879680953572,0.3352790500782957,0
14,7.46310768603845,4.417323814930303,0.06701653775120997,1
21,9.599713263594412,2.241595276847111,0.9753431334790705,1
14,1.1640932440872547,2.5521624450211613,0.8169739072718367,1
21,2.7620018711519148,3.132962555466051,0.8525474212459705,1
24,1.068065874803279,4.6319130336504335,0.9379652314338942,1
28,6.827272427391427,0.09558047214882015,0.08510348611978535,1
9,9.082274940549881,2.3842173415890855,0.38559759251333336,0
38,3.1913406691866935,3.4386102121528035,0.07103488904400213,1
10,9.34331090316676,3.613534788491142,0.21079310155002862,0
6,1.5424065126060476,3.46266215768554,0.22936577703767236,1
17,9.409924241249628,0.6721756470406093,0.4691072110475787,1
47,4.16460418515671,1.4969779418584062,0.2685621674536426,1
47,1.9127874560429485,1.7935776270850674,0.10097810681776109,1
15,5.372845832676931,4.022186038397525,0.1674910890941077,1
27,3.3109891094845714,1.3937993620727651,0.14727556355209093,1
20,3.5638561176573056,1.0535248193360158,0.9730767979122983,1
35,3.765609684336579,4.787240095190481,0.7592925069184736,1
15,8.22723308049397,0.0443164255673445,0.967761465269562,1
20,5.85245149007729,4.989104278409891,0.43974048650790853,1
12,3.8017692924040327,3.384106494286978,0.2783684816626566,1
8,6.493004049798265,4.142346497245585,0.7982931972091867,0
44,7.445356068008742,1.4730969817309658,0.3262539180411468,1
8,3.453616006601804,0.07157638833529989,0.2993833737053483,1
29,4.7219419137281635,3.6893475928076502,0.2325059922078312,1
7,2.096974840032528,4.170722985003379,0.12967897822423535,1
36,2.630344145812123,3.702380659767596,0.25646306101676597,1
7,7.130060685684845,0.714251436504193,0.3553197484738877,0
31,2.6329451292606425,3.767139611284845,0.6739942081457304,1
33,5.726470453003541,3.8446139105382047,0.06256484221945158,1
36,7.381416355501894,3.2927025783502746,0.21050693966534295,1
23,1.9618923078526946,3.830579663977931,0.8090236402916764,1
25,6.105809976660132,4.229607198388661,0.14692192358377076,1
9,3.309065053312274,3.068020571187292,0.34264514652252154,1
22,9.666341877138219,0.4430235698483953,0.8646589218581401,1
32,5.351910820479323,2.4381390483360543,0.15492531114344266,1
46,8.253932947976423,0.3882466733580253,0.0827368356181899,1
26,5.952038879406356,2.037715155162154,0.48453799508001083,1
25,1.3907127956933725,2.0355324456281383,0.3024195112785364,1
10,6.698362380346201,0.3300492207012079,0.5634083644838541,1
5,9.562630079859913,1.7441026698473965,0.8038048904834751,2
9,6.414506381316981,0.5549904939565742,0.13714848815274316,1
45,8.372699734841111,4.0411760500461105,0.580699084554285,1
16,8.957858170135669,4.7384401298223535,0.5055087603898639,1
30,3.0527179475403923,0.36158237628969303,0.14407878601319957,1
38,2.90840355917404,4.775576036458507,0.6239984855289824,1
18,6.498828899658926,2.6128829966837257,0.27364041786077165,1
30,4.699256228260342,1.4978283897693694,0.4878343185440125,1
49,8.558751725800484,0.38431037638081755,0.08227232427706188,1
31,9.1002081105821,2.503121340352089,0.45958405721362305,1
13,4.180792413724463,3.9725777224537433,0.3064634680428203,1
30,3.1318350307703384,3.5354323863334907,0.8223812111853543,1
26,8.024729637194756,0.2511300573198688,0.05697872699736828,1
34,3.4732543199332246,0.36450917683951756,0.41860727491832994,1
47,8.403528866623105,2.0143664131631853,0.458431424131438,1
21,4.813644282838865,1.4764524702397164,0.7250060762991187,1
30,7.0079490936232345,1.1619216152802392,0.574287575090211,1
40,1.8598178245120136,1.405022494543568,0.667212337194181,1
5,6.614733922089157,4.017413716484423,0.7770492856517561,0
12,5.065909108635062,4.64614026815927,0.8622029736581888,1
39,6.279476168579267,2.025513472637832,0.3138754967224705,1
19,2.5121278697037708,4.530555010662486,0.538022705363903,1
26,7.631863704497639,1.60747850623941,0.8401080784391999,1
18,8.765173697889058,2.382184931718958,0.9894511309650564,1
30,2.9506582008169806,1.1301449890799986,0.8895193110437631,1
32,1.8614309996814555,3.2023802108792196,0.3714672626243768,1
27,1.2127472744170276,4.894905575874045,0.19516651721865041,1
18,6.777743503989394,3.0174654802168934,0.4893925374065887,1
28,6.463846324799027,1.7890704205677443,0.7416414518360422,1
6,5.92027671442663,3.239087229952642,0.4925690707532976,0
49,3.087523865043779,0.6146033923269378,0.4831808633136685,1
30,4.518153963149632,4.443295401326993,0.8382304210818006,1
18,6.350287016675558,2.515419753899182,0.36140377906718635,1
11,5.470901729732525,2.24674871019821,0.8597946748116456,1
7,9.890069681933985,2.929323942267596,0.40680480095172356,0
27,2.227957773010598,3.1239193139470123,0.3282331056783394,1
47,7.256300986428344,0.35887903113256514,0.453989911199699,1
49,4.638868912938629,3.413086106117012,0.7624469586748684,1
22,4.853796534330533,1.209658401577648,0.12600202786399428,1
42,7.458379890923586,3.569763162532949,0.19641921587201738,1
39,7.231925361919327,4.112673971920984,0.951444825663092,1
19,9.921303943319694,4.019792537762601,0.17549162738135737,1
29,2.155548605087127,2.7625048370394456,0.5677273179310546,1
41,1.936986844457497,2.600849461553756,0.5793144666619379,1
32,7.51904935415867,0.7143798066970586,0.4896244620502448,1
14,6.205482253057681,3.876730752015678,0.6447452485768186,1
43,3.4674459990382527,1.3570469022335718,0.22982672579761843,1
21,1.7147743209008794,2.483477114089733,0.5526622677767482,1
43,1.770924246367875,1.4213704646375835,0.37217325524689715,1
26,9.047717871977065,0.6691418149984657,0.661667259629189,1
30,2.726805922468686,3.1477884844586828,0.14122354337314946,1
48,3.9103440590396867,0.27166017411451915,0.5708774168394762,1
29,3.039907620042892,3.743226170631,0.1852703553833237,1
21,4.194966752487436,1.5879339763055833,0.2786430631150364,1
17,1.6248145847148403,0.0006734650224266003,0.21870980032358323,1
24,5.671538118174434,2.555645696186149,0.1828377798688171,1
29,1.6085130723299341,0.23425954263801563,0.825710951560667,1
8,8.203208570401255,1.3808477891044975,0.28570756766089034,0
14,3.103408737193897,3.534882437278581,0.9271237818644493,1
7,5.860107231440596,0.3134481081093293,0.9699265253451909,1
45,8.920711788053124,4.196692461780012,0.5712604699370973,1
49,6.8578963214247475,0.01909961329291554,0.1430011226657264,1
22,5.796620078962018,1.2341193460095112,0.37454824337958126,1
40,3.9190037780383804,3.704520280760357,0.797732263348214,1
26,3.9970172175237813,1.581350748646534,0.36739072869707046,1
38,7.025382596783711,0.5094619403300676,0.08701721830278875,1
12,9.947254250990508,1.8011695940021393,0.5567849109281879,1
44,6.9565527086444074,1.3519664319226277,0.8451208514960348,1
48,6.020050756330225,4.213559510802774,0.7959263871435024,1
23,7.575854592153215,1.5667395879257158,0.17512314013035324,1
46,5.186850510553463,3.944662358880036,0.6727646144124667,1
45,1.541281083407067,4.459360724053674,0.2205042634356471,1
41,6.0606713429011885,2.1690870978826475,0.21820753455217223,1
10,9.618627560548422,4.54971571927196,0.8740717733051852,0
30,2.577726481218937,1.8865902698159642,0.24966895274023015,1
38,7.210044017385991,4.820392082450541,0.2632473465180112,1
49,2.8084031979315083,0.44644762262786464,0.0006533907612995549,1
10,5.822449160257731,3.435096332516214,0.8706690341255177,1
41,1.8700880468204766,2.4690702022846436,0.7925948132091347,1
37,5.053338426323666,1.9382440272782353,0.627328935090678,1
26,7.805469960057215,3.1635593937430047,0.7502657639388423,1
25,4.128143718150839,3.519285458171656,0.1520485674244918,1
10,6.984205520384962,0.021816348251545437,0.45832359458757543,1
10,8.159049647107562,0.8347654437359936,0.3512193873487809,1
8,9.344600375315075,3.5652302531715936,0.09377652625701649,0
34,3.111778736699082,3.331927067891032,0.4861304852149241,1
15,4.593843242283773,4.830237525643386,0.9207396503426354,1
34,2.371744119973757,3.805188951253915,0.04005911905069448,1
35,9.932351519425376,4.75386353865669,0.2914609134937939,1
28,9.343008711318658,3.512702507674035,0.20754093620570346,1
13,5.859614172525037,1.4902610431972159,0.23814665366569632,1
7,8.578299649387791,0.5268246112542824,0.9084345518793753,2
35,5.6886217954483795,3.909119316724678,0.4680690542342901,1
44,6.612271192024838,3.2207461073795796,0.4662994129398188,1
41,1.8021198890441497,0.24093006196648115,0.7605756424552823,1
40,7.797433784471272,1.8002523295048918,0.1544922040049258,1
28,2.1494213527171135,4.783999077421431,0.4872653541000508,1
35,8.434608672272756,2.5020057285510062,0.4299852141210597,1
10,8.038252789033473,2.163645680098523,0.5969106905466561,0
6,7.378702279686788,2.28849802579647,0.9995577032504386,0
24,1.325443424722859,1.0444136200258187,0.7694488940820471,1
32,3.7281552035079573,1.8435358543239762,0.3978657030174272,1
15,3.368013129197586,1.849066279935883,0.827553052274047,1
8,4.241227667243672,0.261775100937362,0.17070836331248018,1
19,1.7887847208745469,3.8378381425895913,0.030463686308960125,1
10,9.432620407279565,2.082522159519395,0.20444837246427305,0
34,5.9842201664113865,4.110899434082117,0.34041155611425966,1
42,3.749718795922212,4.251740005599477,0.5105807574595599,1
6,4.5728336536685505,1.0599702734932903,0.6151291405411998,1
19,5.024822864543521,3.2867674108506426,0.9106057172144217,1
15,6.405349000245556,2.3614090208149086,0.5098540095504577,1
12,5.6411148492684795,4.400783689607425,0.5012756446257294,1
30,9.274527758929755,1.0787033958822705,0.05024300982298213,1
49,5.472671346152472,3.389066001550221,0.03491155265622381,1
48,9.929422133409814,3.038760611263613,0.5511599619163721,1
9,8.662824619705862,1.476507387859164,0.4381786132483445,0
10,2.8765946292160223,0.6830045182558631,0.8391803949802986,1
30,9.375356931795245,3.258198802386383,0.16067958471184518,1
8,2.0472975809692846,3.6929872906616534,0.024971662117049598,1
23,8.357047376420724,1.5781367188167499,0.44903876793012587,1
24,4.4256096412892205,3.224163020111569,0.23747855675225749,1
37,8.901768884005627,1.9756545380575163,0.04961437333883745,1
24,8.812510210967053,3.5660344164130886,0.724598286847629,1
16,8.253328601058591,0.9960763744702655,0.11159299995724747,1
5,8.110273926763552,4.451075013180872,0.6083195000077717,0
30,3.742112251882367,1.4370479823278988,0.28104975016688916,1
18,1.7282735474612696,1.8389299387807645,0.17349605035502202,1
42,4.626821608886453,0.2904597604017489,0.37975152291931746,1
41,2.561720634878578,0.557561061606382,0.8014457762229537,1
15,7.254559800122156,2.5793095135616406,0.3920935769045727,1
40,4.11489753884007,1.3379633836398575,0.7507696492110557,1
17,9.780491807739233,4.177401128710972,0.1254862967991507,1
47,6.768748696107988,0.07346694327476921,0.7727714196650791,1
7,8.40232507270925,1.8954702433596808,0.23693332490664865,0
37,2.192722054676636,1.6867277338454634,0.6773931298888728,1
10,8.758130340453603,0.09663815458800518,0.5657815548409963,1
14,9.30481471462055,0.6218419950025511,0.9291447172116873,1
9,5.3835572693704234,2.068213374593176,0.38732251797531403,1
27,6.456276439758797,2.4643229222372334,0.06616518883444045,1
14,7.883288208126959,2.0214487362743454,0.019155485551252904,1
48,2.573547645343713,2.654688392060469,0.8268585609727531,1
6,5.523094688170982,2.9756583745284075,0.5247356376614322,0
17,4.587967249950818,0.04961910563917815,0.7752440518349493,1
44,2.317365929460242,2.3204757972675196,0.2344256000115147,1
6,4.307809800623783,4.8174962044379415,0.34508374551323373,0
24,1.6135507844694421,2.5951614006477435,0.03010387221131894,1
5,1.232307162545383,3.387711337294766,0.9614923245741122,1
41,2.2164966023934047,1.559319289584416,0.6678679067008134,1
13,9.668036004302564,3.8699568907638127,0.9332050877593062,0
21,5.945765823055153,3.8646074093805756,0.2654964074290723,1
13,9.69239945037898,2.6064802382706946,0.6114636112256608,1
15,4.892480904971188,4.880069116396068,0.6784999682926378,1
19,3.806345197767336,0.6277510738132669,0.31754970025758844,1
28,5.555276765562197,0.08473832444790497,0.8481092350156301,1
42,4.955605197696191,3.8507910587854797,0.9471614629002478,1
39,1.9509821583556952,4.035777686824413,0.8848551176960043,1
34,6.767436832211856,0.6010361456028812,0.7390669759393725,1
35,2.9443436425863965,1.3279141647930304,0.27746467972495403,1
9,6.576291594080466,0.08776181683314455,0.28161604210563174,1
48,6.85180983158338,1.4665430539028235,0.9633603204460379,1
18,2.368223678157833,3.8657093695933575,0.010284495935692028,1
15,1.5521466439960134,2.5898026385628947,0.7160499732421445,1
13,8.026854274615959,1.7404779658414404,0.7062461625552622,1
38,5.138203813923882,1.8586964745316514,0.6226895409497974,1
16,1.523474159549282,0.006768128577340771,0.9901088460868658,1
39,9.953796854527905,1.4990026378261794,0.31187943576372523,1
39,1.5200250489672997,3.2322937081896526,0.3399718637932482,1
5,7.255317059726979,4.870972219081786,0.07893940294655555,0
44,9.853110327370722,4.235304134919497,0.44279813654373745,1
26,3.1526209379433308,0.11797482322764563,0.2610485262348481,1
33,2.2802443181847654,4.492803023374197,0.3433867021776442,1
12,2.09246445480186,3.91599206649313,0.8345717902556277,1
15,3.72947632810836,3.901880617854902,0.9354845135274957,1
45,1.9094122990958202,2.2899787950178574,0.18573307200518563,1
41,7.229452075247187,1.990026464772514,0.37250893155346587,1
18,1.5606261831705641,1.514578644165963,0.9286305621153941,1
34,5.584799153348108,0.3284742947718289,0.06180846068922263,1
39,9.970271684676792,1.1411768174684955,0.09236052811137851,1
25,8.325732425554168,1.2330181748901232,0.16279098920622936,1
41,6.536974944079098,2.420385348551008,0.5952128341268748,1
9,3.756282587079505,3.7372220329834698,0.15047227100599747,1
23,6.6150625266247465,2.3690491419897333,0.9680763814507335,1
